Workbook

Sheet 问题清单
A1: 问题编号 | B1: 来源题号/范围 | C1: 层级 | D1: 问题大类 | E1: 问题小类 | F1: 严重程度 | G1: 置信度 | H1: 原始问题摘录 | I1: 标定发现的问题 | J1: 建议修改/处理 | K1: 核查依据/证据 | L1: 源文件 | M1: 是否计入L层准确率 | N1: 处理状态 | O1: 备注
A2: E-002 | B2: N类 | C2: N | D2: 数量/结构 | E2: 类别缺失 | F2: 高 | G2: 高 | I2: N类独立测试题未生成，且没有单独类别标签。 | J2: 新增 N-001 至 N-020，单独Sheet或单独类别标签；明确“不纳入L层准确率统计”。 | K2: 用户要求：N、R类仅做独立测试，不纳入L层准确率统计；所有类别数据分开标注。 | L2: 电力国标测试集报告_docx.docx | M2: 否（独立测试） | N2: 待处理
A3: E-003 | B3: R类 | C3: R | D3: 数量/结构 | E3: 类别缺失 | F3: 高 | G3: 高 | I3: R类独立测试题未生成，且没有单独类别标签。 | J3: 新增 R-001 至 R-020，单独Sheet或单独类别标签；明确“不纳入L层准确率统计”。 | K3: 用户要求：N、R类仅做独立测试，不纳入L层准确率统计；所有类别数据分开标注。 | L3: 电力国标测试集报告_docx.docx | M3: 否（独立测试） | N3: 待处理
A4: E-004 | B4: 全局 | C4: 全局 | D4: 元数据/说明 | E4: 说明与内容不一致 | F4: 中 | G4: 高 | I4: 报告开头称用于评估“直白检索能力（L1级）”，但文件实际包含L1、L2、L3三层题目，说明与数据集范围不一致。 | J4: 将概况说明改为“分层评估L1直白检索、L2单规范推理、L3跨规范综合能力”。 | K4: 结果文件首页说明与后续L2/L3章节不一致。 | L4: 电力国标测试集报告_docx.docx | M4: 是 | N4: 待处理
A5: E-005 | B5: 全局 | C5: 全局 | D5: 格式/OCR | E5: 范围符号丢失 | F5: 高 | G5: 高 | I5: 多处数值范围中的“~ / ～”丢失，如1015、0.951.0、1.01.05、3d10d、0.850.95，影响程序比对和人工审查。 | J5: 批量修复数值范围符号，并对所有含数字范围的答案做二次校验。 | K5: L1-032、L1-040、L1-050、L1-051、L1-061等。 | L5: 电力国标测试集报告_docx.docx | M5: 是 | N5: 待处理
A6: E-006 | B6: 全局 | C6: 全局 | D6: 质检规则 | E6: L1可比对性不足 | F6: 高 | G6: 高 | I6: L1要求“程序自动比对、原文匹配”，但多条L1存在非原文摘录、缺字符、条款错引，导致ground truth不稳定。 | J6: L1答案必须逐条回贴规范原文，避免改写、概括和缺失符号。 | K6: 用户L1定义：答案可在单一条规范原文中直接检索、原文匹配。 | L6: 电力国标测试集报告_docx.docx | M6: 是 | N6: 待处理
A7: E-007 | B7: L1-021 | C7: L1 | D7: 事实/条款 | E7: 标准来源错引 | F7: 高 | G7: 高 | H7: Q: GB 38755-2019 规范中对“时间同步系统”的定义是什么？ / A: 能接收外部时间基准信号，并按照要求的时间精度向外输出时间同步信号和时间信息的系统。 | I7: 题干和Std标注为GB 38755-2019，但“时间同步系统”定义实际出现在DL/T 5218-2012 §2.0.6，不属于GB 38755术语。 | J7: 将Q改为“根据DL/T 5218-2012……”；Std改为“DL/T 5218-2012 §2.0.6”。 | K7: DL/T 5218-2012 §2.0.6：时间同步系统定义。 | L7: 电力国标测试集报告_docx.docx | M7: 是 | N7: 待处理
A8: E-008 | B8: L1-024 | C8: L1 | D8: 事实/答案 | E8: 关键数值错误 | F8: 高 | G8: 高 | H8: Q: 根据 GB 38755-2019，制定黑启动方案时每个区域至少应安排几台具备黑启动能力的机组？ / A: 各区域须至少安排 12 台。 | I8: 答案写为“各区域须至少安排12台”，应为“1~2台”；这是严重数值错误。 | J8: 修正答案为“各区域须至少安排1~2台具备黑启动能力的机组”。 | K8: GB 38755-2019 §3.7.2：各区域须至少安排1~2台具备黑启动能力的机组。 | L8: 电力国标测试集报告_docx.docx | M8: 是 | N8: 待处理
A9: E-009 | B9: L1-032 | C9: L1 | D9: 格式/OCR | E9: 范围符号缺失 | F9: 高 | G9: 高 | H9: Q: DL/T 5429-2009 规定，电力系统设计的远景展望年一般取今后多少年的某一年？ / A: 一般取今后 1015 年的某一年。 | I9: 答案“1015年”缺少范围连接符，标准表达应为“10~15年”。 | J9: 修正为“10~15年”。 | K9: DL/T 5429-2009 §3.0.7：远景展望取今后10~15年的某一年。 | L9: 电力国标测试集报告_docx.docx | M9: 是 | N9: 待处理
A10: E-010 | B10: L1-040 | C10: L1 | D10: 格式/OCR | E10: 范围符号缺失 | F10: 高 | G10: 高 | H10: Q: 根据 DL/T 5429-2009，变电站一次侧母线正常运行电压不应低于额定电压的多少倍？ / A: 不应低于 0.951.0 倍。 | I10: 答案“0.951.0倍”缺少范围连接符，影响数值理解。 | J10: 修正为“0.95~1.0倍”。 | K10: DL/T 5429-2009 §6.2.3。 | L10: 电力国标测试集报告_docx.docx | M10: 是 | N10: 待处理
A11: E-011 | B11: L1-050 | C11: L1 | D11: 格式/OCR | E11: 范围符号缺失 | F11: 高 | G11: 高 | H11: Q: DL/T 5429-2009 规定枢纽变电站二次侧母线运行电压控制水平一般为额定电压的多少倍？ / A: 1.01.05 倍。 | I11: 答案“1.01.05倍”缺少范围连接符，应为额定电压的1.0~1.05倍。 | J11: 修正为“1.0~1.05倍”。 | K11: DL/T 5429-2009 §6.2.3。 | L11: 电力国标测试集报告_docx.docx | M11: 是 | N11: 待处理
A12: E-012 | B12: L1-051 | C12: L1 | D12: 格式/OCR | E12: 范围符号缺失 | F12: 高 | G12: 高 | H12: Q: 根据 DL/T 5429-2009，水电站应预留事故备用容量在基荷连续运行多少天？ / A: 3d10d。 | I12: 答案“3d10d”缺少范围连接符。 | J12: 修正为“3d~10d”。 | K12: DL/T 5429-2009 §5.2.4。 | L12: 电力国标测试集报告_docx.docx | M12: 是 | N12: 待处理
A13: E-013 | B13: L1-061 | C13: L1 | D13: 格式/OCR | E13: 范围符号缺失 | F13: 高 | G13: 高 | H13: Q: 根据 DL/T 5429-2009，受端发电机功率因数范围通常是多少？ / A: 0.850.95。 | I13: 答案“0.850.95”缺少范围连接符。 | J13: 修正为“0.85~0.95”。 | K13: DL/T 5429-2009 §7.2.3。 | L13: 电力国标测试集报告_docx.docx | M13: 是 | N13: 待处理
A14: E-014 | B14: L1-071 | C14: L1 | D14: 事实/条款 | E14: 条款定位错误 | F14: 中 | G14: 高 | H14: Q: 根据 DL/T 5218-2012，变电站主控通信楼的火灾危险性类别及最低耐火等级是多少？ / A: 火灾危险性类别为戊类，最低耐火等级为二级。 | I14: 主控通信楼火灾危险性类别和耐火等级来自DL/T 5218-2012表4.2.5，而非§10.2。 | J14: Std改为“DL/T 5218-2012 表4.2.5”。 | K14: DL/T 5218-2012 表4.2.5：主控通信楼为戊类、二级。 | L14: 电力国标测试集报告_docx.docx | M14: 是 | N14: 待处理
A15: E-015 | B15: L1-072 | C15: L1 | D15: 事实/答案 | E15: 非原文改写 | F15: 中 | G15: 高 | H15: Q: DL/T 5218-2012 规定变电站站区规划中远景规模应如何考虑？ / A: 应根据远景规模一次规划，分期实施。 | I15: 答案“远景规模一次规划，分期实施”不是§4.1原文表达，且“远景规模”与原文“最终规模规划、近远结合、以近为主”不一致。 | J15: 按原文改为“按最终规模规划，近远结合，以近为主；宜根据建设需要分期征用土地”。 | K15: DL/T 5218-2012 §4.1.2。 | L15: 电力国标测试集报告_docx.docx | M15: 是 | N15: 待处理
A16: E-016 | B16: L1-081 | C16: L1 | D16: 事实/答案 | E16: 答案过度概括 | F16: 高 | G16: 高 | H16: Q: DL/T 5218-2012 规定站区竖向布置应根据什么条件确定？ / A: 根据站址地形、地质和出线条件确定。 | I16: 答案只写“站址地形、地质和出线条件”，但§4.3.2要求综合自然地形、工艺要求、总平面布置、土石方平衡、交通运输、场地土性质、排水等。 | J16: 补全为§4.3.2原文范围，或重写题干避免问“哪些条件”。 | K16: DL/T 5218-2012 §4.3.2。 | L16: 电力国标测试集报告_docx.docx | M16: 是 | N16: 待处理
A17: E-017 | B17: L1-086 | C17: L1 | D17: 事实/答案 | E17: 疑似无原文依据 | F17: 高 | G17: 高 | H17: Q: 根据 DL/T 5218-2012，变电站场地的设计标高应高于什么？ / A: 应高于当地最高洪水位。 | I17: 题目称“场地设计标高应高于当地最高洪水位”，但DL/T 5218 §4.3.1原文为“站区场地设计标高应根据变电站的电压等级确定”；防洪防涝要求在§3.0.7，未直接表述“最高洪水位”。 | J17: 删除该题或改写为§3.0.7防洪防涝要求；若保留场地标高题，应按§4.3.1回答。 | K17: DL/T 5218-2012 §3.0.7、§4.3.1。 | L17: 电力国标测试集报告_docx.docx | M17: 是 | N17: 待处理
A18: E-018 | B18: L1-092 | C18: L1 | D18: 事实/答案 | E18: 疑似概括/错引 | F18: 中 | G18: 高 | H18: Q: 根据 DL/T 5218-2012，变电站辅助设施应包含哪些内容？ / A: 包括火灾探测、消防、视频监控、采暖通风等。 | I18: “辅助设施包括火灾探测、消防、视频监控、采暖通风等”与§5.9标题/内容不完全对应，容易混入不同章节内容。 | J18: 回查§5.9原文，按单条原文重写；不要跨消防、视频、暖通章节拼接。 | K18: DL/T 5218-2012 §5.9及相关章节。 | L18: 电力国标测试集报告_docx.docx | M18: 是 | N18: 待处理
... A33: E-033 | B33: L2-199 | C33: L2 | D33: 分层规则 | E33: 跨文档推理 | F33: 高 | G33: 高 | H33: Q: 【场景】某系统发生单相接地故障，重合成功。但由于系统中性点零序阻抗过大，导致非故障相电压过高，击穿了另一台变电站的绝缘。【问题】判定该事故性质。 / A: 属于第一级标准下的安全性失效。逻辑推演：1. 依据 GB 38755 §4.2.2 a) 款。2. 依据 DL/T 5… | I33: L2定义要求“单文档内多条内容简单推理”，但该题涉及 GB 38755-2019、DL/T 5429-2009，已构成跨规范综合。 | J33: 若保留跨文档依据，应调整为L3；若保留L2，应改写为同一规范内部多条文推理。 | K33: Std/Q/A涉及规范：GB 38755-2019、DL/T 5429-2009。用户L2规则：无需多文档、多规范交叉。 | L33: 电力国标测试集报告_docx.docx | M33: 是 | N33: 待处理

Sheet 汇总统计
A1: 标定问题汇总
A3: 指标 | B3: 数值 | C3: 说明
A4: 解析到题目数 | B4: 300 | C4: 从上传docx解析出的L1/L2/L3题目总数
A5: 目标题目数 | B5: 340 | C5: 用户要求总量：300个L层 + N/R独立测试40个
A6: 缺失题目数 | B6: =B5-B4 -> 40 | C6: 应补N/R类
A7: 问题清单条数 | B7: 66 | C7: 本次标定整理的错误/问题记录
A8: 高严重程度问题数 | B8: =COUNTIF(问题清单!F2:F33,"高") -> 26 | C8: 需优先处理
A9: L2跨文档问题数 | B9: =COUNTIFS(问题清单!C2:C33,"L2",问题清单!E2:E33,"跨文档推理") -> 11 | C9: L2应调整或改写
A10: L3跨规范不足/字段问题数 | B10: =COUNTIFS(问题清单!C2:C33,"L3",问题清单!E2:E33,"未满足跨独立规范/Std字段不完整") -> 0 | C10: L3需补足两份独立规范
A12: 问题大类 | B12: 数量 | D12: 严重程度 | E12: 数量
A13: 事实/推理 | B13: =COUNTIF(问题清单!D2:D33,"事实/推理") -> 1 | D13: 高 | E13: =COUNTIF(问题清单!F2:F33,"高") -> 26
A14: 事实/条款 | B14: =COUNTIF(问题清单!D2:D33,"事实/条款") -> 3 | D14: 中 | E14: =COUNTIF(问题清单!F2:F33,"中") -> 6
A15: 事实/答案 | B15: =COUNTIF(问题清单!D2:D33,"事实/答案") -> 7
A16: 元数据/说明 | B16: =COUNTIF(问题清单!D2:D33,"元数据/说明") -> 1
A17: 分层规则 | B17: =COUNTIF(问题清单!D2:D33,"分层规则") -> 11
A18: 数量/结构 | B18: =COUNTIF(问题清单!D2:D33,"数量/结构") -> 2
A19: 格式/OCR | B19: =COUNTIF(问题清单!D2:D33,"格式/OCR") -> 6
A20: 质检规则 | B20: =COUNTIF(问题清单!D2:D33,"质检规则") -> 1

Sheet 分层核查
A1: 类别 | B1: 要求数量 | C1: 实际数量 | D1: 缺失/超出 | E1: 是否纳入L层准确率 | F1: 核查结论
A2: L1直白型 | B2: 100 | C2: 100 | D2: =C2-B2 -> 0 | E2: 是 | F2: =IF(D2=0,"通过","不通过") -> 通过
A3: L2推理型 | B3: 100 | C3: 100 | D3: =C3-B3 -> 0 | E3: 是 | F3: =IF(D3=0,"通过","不通过") -> 通过
A4: L3综合型 | B4: 100 | C4: 100 | D4: =C4-B4 -> 0 | E4: 是 | F4: =IF(D4=0,"通过","不通过") -> 通过
A5: N类独立测试 | B5: 20 | C5: 0 | D5: =C5-B5 -> -20 | E5: 否 | F5: =IF(D5=0,"通过","缺失") -> 缺失
A6: R类独立测试 | B6: 20 | C6: 0 | D6: =C6-B6 -> -20 | E6: 否 | F6: =IF(D6=0,"通过","缺失") -> 缺失
A7: 总计 | B7: 340 | C7: 300 | D7: =C7-B7 -> -40 | E7: — | F7: =IF(D7=0,"通过","不通过") -> 不通过

Sheet 字段说明
A1: 字段 | B1: 说明
A2: 问题编号 | B2: 本次标定清单的内部编号，便于沟通和追踪。
A3: 来源题号/范围 | B3: 对应原题ID或全局/类别问题。
A4: 层级 | B4: L1/L2/L3/N/R/全局。
A5: 问题大类 | B5: 事实/条款、事实/答案、分层规则、数量/结构、格式/OCR等。
A6: 严重程度 | B6: 高：会影响准确率或题目有效性；中：会影响可读性、条款定位或后续复核；低：轻微格式问题。
A7: 置信度 | B7: 高：已结合规范或规则核验；中：需要后续人工复查；低：提示性问题。
A8: 是否计入L层准确率 | B8: N/R类按要求不纳入L层准确率统计；L1/L2/L3问题默认会影响对应层级统计。
A9: 建议处理流程 | B9: 先修高严重程度问题，再重跑分层数量校验；对L1逐条回贴原文，对L2控制在单规范内，对L3确保至少两份独立规范。
